Analysis & Synthesis report for mpu
Fri Apr  4 17:10:03 2025
Quartus Prime Version 23.1std.0 Build 991 11/28/2023 SC Lite Edition


---------------------
; Table of Contents ;
---------------------
  1. Legal Notice
  2. Analysis & Synthesis Summary
  3. Analysis & Synthesis Settings
  4. Parallel Compilation
  5. Analysis & Synthesis Source Files Read
  6. Analysis & Synthesis Resource Usage Summary
  7. Analysis & Synthesis Resource Utilization by Entity
  8. Analysis & Synthesis RAM Summary
  9. Analysis & Synthesis IP Cores Summary
 10. Registers Removed During Synthesis
 11. Removed Registers Triggering Further Register Optimizations
 12. General Register Statistics
 13. Inverted Register Statistics
 14. Multiplexer Restructuring Statistics (Restructuring Performed)
 15. Source assignments for memory:comb_6|altsyncram:altsyncram_component|altsyncram_ibo1:auto_generated|altsyncram_die2:altsyncram1
 16. Parameter Settings for User Entity Instance: memory:comb_6|altsyncram:altsyncram_component
 17. altsyncram Parameter Settings by Entity Instance
 18. Port Connectivity Checks: "memory:comb_6"
 19. Port Connectivity Checks: "alu:comb_5|matrix_opposite:u_opp|matrix_mul_scalar:helper"
 20. Port Connectivity Checks: "alu:comb_5|matrix_sub:u_sub"
 21. Port Connectivity Checks: "alu:comb_5|matrix_add:u_add"
 22. Port Connectivity Checks: "alu:comb_5"
 23. Port Connectivity Checks: "register_file:comb_4"
 24. Port Connectivity Checks: "control_unit:comb_3"
 25. In-System Memory Content Editor Settings
 26. Post-Synthesis Netlist Statistics for Top Partition
 27. Post-Synthesis Netlist Statistics for Partition sld_hub:auto_hub
 28. Elapsed Time Per Partition
 29. Analysis & Synthesis Messages
 30. Analysis & Synthesis Suppressed Messages



----------------
; Legal Notice ;
----------------
Copyright (C) 2023  Intel Corporation. All rights reserved.
Your use of Intel Corporation's design tools, logic functions 
and other software and tools, and any partner logic 
functions, and any output files from any of the foregoing 
(including device programming or simulation files), and any 
associated documentation or information are expressly subject 
to the terms and conditions of the Intel Program License 
Subscription Agreement, the Intel Quartus Prime License Agreement,
the Intel FPGA IP License Agreement, or other applicable license
agreement, including, without limitation, that your use is for
the sole purpose of programming logic devices manufactured by
Intel and sold by Intel or its authorized distributors.  Please
refer to the applicable agreement for further details, at
https://fpgasoftware.intel.com/eula.



+----------------------------------------------------------------------------------+
; Analysis & Synthesis Summary                                                     ;
+---------------------------------+------------------------------------------------+
; Analysis & Synthesis Status     ; Successful - Fri Apr  4 17:10:03 2025          ;
; Quartus Prime Version           ; 23.1std.0 Build 991 11/28/2023 SC Lite Edition ;
; Revision Name                   ; mpu                                            ;
; Top-level Entity Name           ; mpu                                            ;
; Family                          ; Cyclone V                                      ;
; Logic utilization (in ALMs)     ; N/A                                            ;
; Total registers                 ; 149                                            ;
; Total pins                      ; 1                                              ;
; Total virtual pins              ; 0                                              ;
; Total block memory bits         ; 8,192                                          ;
; Total DSP Blocks                ; 0                                              ;
; Total HSSI RX PCSs              ; 0                                              ;
; Total HSSI PMA RX Deserializers ; 0                                              ;
; Total HSSI TX PCSs              ; 0                                              ;
; Total HSSI PMA TX Serializers   ; 0                                              ;
; Total PLLs                      ; 0                                              ;
; Total DLLs                      ; 0                                              ;
+---------------------------------+------------------------------------------------+


+---------------------------------------------------------------------------------------------------------------------------+
; Analysis & Synthesis Settings                                                                                             ;
+---------------------------------------------------------------------------------+--------------------+--------------------+
; Option                                                                          ; Setting            ; Default Value      ;
+---------------------------------------------------------------------------------+--------------------+--------------------+
; Device                                                                          ; 5CSEMA5F31C6       ;                    ;
; Top-level entity name                                                           ; mpu                ; mpu                ;
; Family name                                                                     ; Cyclone V          ; Cyclone V          ;
; Use smart compilation                                                           ; Off                ; Off                ;
; Enable parallel Assembler and Timing Analyzer during compilation                ; On                 ; On                 ;
; Enable compact report table                                                     ; Off                ; Off                ;
; Restructure Multiplexers                                                        ; Auto               ; Auto               ;
; MLAB Add Timing Constraints For Mixed-Port Feed-Through Mode Setting Don't Care ; Off                ; Off                ;
; Create Debugging Nodes for IP Cores                                             ; Off                ; Off                ;
; Preserve fewer node names                                                       ; On                 ; On                 ;
; Intel FPGA IP Evaluation Mode                                                   ; Enable             ; Enable             ;
; Verilog Version                                                                 ; Verilog_2001       ; Verilog_2001       ;
; VHDL Version                                                                    ; VHDL_1993          ; VHDL_1993          ;
; State Machine Processing                                                        ; Auto               ; Auto               ;
; Safe State Machine                                                              ; Off                ; Off                ;
; Extract Verilog State Machines                                                  ; On                 ; On                 ;
; Extract VHDL State Machines                                                     ; On                 ; On                 ;
; Ignore Verilog initial constructs                                               ; Off                ; Off                ;
; Iteration limit for constant Verilog loops                                      ; 5000               ; 5000               ;
; Iteration limit for non-constant Verilog loops                                  ; 250                ; 250                ;
; Add Pass-Through Logic to Inferred RAMs                                         ; On                 ; On                 ;
; Infer RAMs from Raw Logic                                                       ; On                 ; On                 ;
; Parallel Synthesis                                                              ; On                 ; On                 ;
; DSP Block Balancing                                                             ; Auto               ; Auto               ;
; NOT Gate Push-Back                                                              ; On                 ; On                 ;
; Power-Up Don't Care                                                             ; On                 ; On                 ;
; Remove Redundant Logic Cells                                                    ; Off                ; Off                ;
; Remove Duplicate Registers                                                      ; On                 ; On                 ;
; Ignore CARRY Buffers                                                            ; Off                ; Off                ;
; Ignore CASCADE Buffers                                                          ; Off                ; Off                ;
; Ignore GLOBAL Buffers                                                           ; Off                ; Off                ;
; Ignore ROW GLOBAL Buffers                                                       ; Off                ; Off                ;
; Ignore LCELL Buffers                                                            ; Off                ; Off                ;
; Ignore SOFT Buffers                                                             ; On                 ; On                 ;
; Limit AHDL Integers to 32 Bits                                                  ; Off                ; Off                ;
; Optimization Technique                                                          ; Balanced           ; Balanced           ;
; Carry Chain Length                                                              ; 70                 ; 70                 ;
; Auto Carry Chains                                                               ; On                 ; On                 ;
; Auto Open-Drain Pins                                                            ; On                 ; On                 ;
; Perform WYSIWYG Primitive Resynthesis                                           ; Off                ; Off                ;
; Auto ROM Replacement                                                            ; On                 ; On                 ;
; Auto RAM Replacement                                                            ; On                 ; On                 ;
; Auto DSP Block Replacement                                                      ; On                 ; On                 ;
; Auto Shift Register Replacement                                                 ; Auto               ; Auto               ;
; Allow Shift Register Merging across Hierarchies                                 ; Auto               ; Auto               ;
; Auto Clock Enable Replacement                                                   ; On                 ; On                 ;
; Strict RAM Replacement                                                          ; Off                ; Off                ;
; Allow Synchronous Control Signals                                               ; On                 ; On                 ;
; Force Use of Synchronous Clear Signals                                          ; Off                ; Off                ;
; Auto Resource Sharing                                                           ; Off                ; Off                ;
; Allow Any RAM Size For Recognition                                              ; Off                ; Off                ;
; Allow Any ROM Size For Recognition                                              ; Off                ; Off                ;
; Allow Any Shift Register Size For Recognition                                   ; Off                ; Off                ;
; Use LogicLock Constraints during Resource Balancing                             ; On                 ; On                 ;
; Ignore translate_off and synthesis_off directives                               ; Off                ; Off                ;
; Timing-Driven Synthesis                                                         ; On                 ; On                 ;
; Report Parameter Settings                                                       ; On                 ; On                 ;
; Report Source Assignments                                                       ; On                 ; On                 ;
; Report Connectivity Checks                                                      ; On                 ; On                 ;
; Ignore Maximum Fan-Out Assignments                                              ; Off                ; Off                ;
; Synchronization Register Chain Length                                           ; 3                  ; 3                  ;
; Power Optimization During Synthesis                                             ; Normal compilation ; Normal compilation ;
; HDL message level                                                               ; Level2             ; Level2             ;
; Suppress Register Optimization Related Messages                                 ; Off                ; Off                ;
; Number of Removed Registers Reported in Synthesis Report                        ; 5000               ; 5000               ;
; Number of Swept Nodes Reported in Synthesis Report                              ; 5000               ; 5000               ;
; Number of Inverted Registers Reported in Synthesis Report                       ; 100                ; 100                ;
; Clock MUX Protection                                                            ; On                 ; On                 ;
; Auto Gated Clock Conversion                                                     ; Off                ; Off                ;
; Block Design Naming                                                             ; Auto               ; Auto               ;
; SDC constraint protection                                                       ; Off                ; Off                ;
; Synthesis Effort                                                                ; Auto               ; Auto               ;
; Shift Register Replacement - Allow Asynchronous Clear Signal                    ; On                 ; On                 ;
; Pre-Mapping Resynthesis Optimization                                            ; Off                ; Off                ;
; Analysis & Synthesis Message Level                                              ; Medium             ; Medium             ;
; Disable Register Merging Across Hierarchies                                     ; Auto               ; Auto               ;
; Resource Aware Inference For Block RAM                                          ; On                 ; On                 ;
; Automatic Parallel Synthesis                                                    ; On                 ; On                 ;
; Partial Reconfiguration Bitstream ID                                            ; Off                ; Off                ;
+---------------------------------------------------------------------------------+--------------------+--------------------+


+------------------------------------------+
; Parallel Compilation                     ;
+----------------------------+-------------+
; Processors                 ; Number      ;
+----------------------------+-------------+
; Number detected on machine ; 20          ;
; Maximum allowed            ; 14          ;
;                            ;             ;
; Average used               ; 1.00        ;
; Maximum used               ; 14          ;
;                            ;             ;
; Usage by Processor         ; % Time Used ;
;     Processor 1            ; 100.0%      ;
;     Processor 2            ;   0.0%      ;
;     Processors 3-14        ;   0.0%      ;
+----------------------------+-------------+


+------------------------------------------------------------------------------------------------------------------------------------------------------------------------------------------------------------------------------------------------------------------+
; Analysis & Synthesis Source Files Read                                                                                                                                                                                                                           ;
+--------------------------------------------------------------------+-----------------+----------------------------------------------+--------------------------------------------------------------------------------------------------------------+-------------+
; File Name with User-Entered Path                                   ; Used in Netlist ; File Type                                    ; File Name with Absolute Path                                                                                 ; Library     ;
+--------------------------------------------------------------------+-----------------+----------------------------------------------+--------------------------------------------------------------------------------------------------------------+-------------+
; memory.v                                                           ; yes             ; User Wizard-Generated File                   ; /home/aluno/Repos/MI-Sistemas-Digitais-P1/memory.v                                                           ;             ;
; matrix_transpose.v                                                 ; yes             ; User Verilog HDL File                        ; /home/aluno/Repos/MI-Sistemas-Digitais-P1/matrix_transpose.v                                                 ;             ;
; matrix_opposite.v                                                  ; yes             ; User Verilog HDL File                        ; /home/aluno/Repos/MI-Sistemas-Digitais-P1/matrix_opposite.v                                                  ;             ;
; matrix_mul_scalar.v                                                ; yes             ; User Verilog HDL File                        ; /home/aluno/Repos/MI-Sistemas-Digitais-P1/matrix_mul_scalar.v                                                ;             ;
; register_file.v                                                    ; yes             ; User Verilog HDL File                        ; /home/aluno/Repos/MI-Sistemas-Digitais-P1/register_file.v                                                    ;             ;
; alu.v                                                              ; yes             ; User Verilog HDL File                        ; /home/aluno/Repos/MI-Sistemas-Digitais-P1/alu.v                                                              ;             ;
; matrix_sub.v                                                       ; yes             ; User Verilog HDL File                        ; /home/aluno/Repos/MI-Sistemas-Digitais-P1/matrix_sub.v                                                       ;             ;
; control_unit.v                                                     ; yes             ; User Verilog HDL File                        ; /home/aluno/Repos/MI-Sistemas-Digitais-P1/control_unit.v                                                     ;             ;
; matrix_mul.v                                                       ; yes             ; User Verilog HDL File                        ; /home/aluno/Repos/MI-Sistemas-Digitais-P1/matrix_mul.v                                                       ;             ;
; matrix_add.v                                                       ; yes             ; User Verilog HDL File                        ; /home/aluno/Repos/MI-Sistemas-Digitais-P1/matrix_add.v                                                       ;             ;
; mpu.v                                                              ; yes             ; User Verilog HDL File                        ; /home/aluno/Repos/MI-Sistemas-Digitais-P1/mpu.v                                                              ;             ;
; altsyncram.tdf                                                     ; yes             ; Megafunction                                 ; /opt/intelFPGA_lite/23.1/quartus/libraries/megafunctions/altsyncram.tdf                                      ;             ;
; stratix_ram_block.inc                                              ; yes             ; Megafunction                                 ; /opt/intelFPGA_lite/23.1/quartus/libraries/megafunctions/stratix_ram_block.inc                               ;             ;
; lpm_mux.inc                                                        ; yes             ; Megafunction                                 ; /opt/intelFPGA_lite/23.1/quartus/libraries/megafunctions/lpm_mux.inc                                         ;             ;
; lpm_decode.inc                                                     ; yes             ; Megafunction                                 ; /opt/intelFPGA_lite/23.1/quartus/libraries/megafunctions/lpm_decode.inc                                      ;             ;
; aglobal231.inc                                                     ; yes             ; Megafunction                                 ; /opt/intelFPGA_lite/23.1/quartus/libraries/megafunctions/aglobal231.inc                                      ;             ;
; a_rdenreg.inc                                                      ; yes             ; Megafunction                                 ; /opt/intelFPGA_lite/23.1/quartus/libraries/megafunctions/a_rdenreg.inc                                       ;             ;
; altrom.inc                                                         ; yes             ; Megafunction                                 ; /opt/intelFPGA_lite/23.1/quartus/libraries/megafunctions/altrom.inc                                          ;             ;
; altram.inc                                                         ; yes             ; Megafunction                                 ; /opt/intelFPGA_lite/23.1/quartus/libraries/megafunctions/altram.inc                                          ;             ;
; altdpram.inc                                                       ; yes             ; Megafunction                                 ; /opt/intelFPGA_lite/23.1/quartus/libraries/megafunctions/altdpram.inc                                        ;             ;
; db/altsyncram_ibo1.tdf                                             ; yes             ; Auto-Generated Megafunction                  ; /home/aluno/Repos/MI-Sistemas-Digitais-P1/db/altsyncram_ibo1.tdf                                             ;             ;
; db/altsyncram_die2.tdf                                             ; yes             ; Auto-Generated Megafunction                  ; /home/aluno/Repos/MI-Sistemas-Digitais-P1/db/altsyncram_die2.tdf                                             ;             ;
; sld_mod_ram_rom.vhd                                                ; yes             ; Encrypted Megafunction                       ; /opt/intelFPGA_lite/23.1/quartus/libraries/megafunctions/sld_mod_ram_rom.vhd                                 ;             ;
; sld_jtag_endpoint_adapter.vhd                                      ; yes             ; Encrypted Megafunction                       ; /opt/intelFPGA_lite/23.1/quartus/libraries/megafunctions/sld_jtag_endpoint_adapter.vhd                       ;             ;
; sld_jtag_endpoint_adapter_impl.sv                                  ; yes             ; Encrypted Megafunction                       ; /opt/intelFPGA_lite/23.1/quartus/libraries/megafunctions/sld_jtag_endpoint_adapter_impl.sv                   ;             ;
; sld_rom_sr.vhd                                                     ; yes             ; Encrypted Megafunction                       ; /opt/intelFPGA_lite/23.1/quartus/libraries/megafunctions/sld_rom_sr.vhd                                      ;             ;
; sld_hub.vhd                                                        ; yes             ; Encrypted Megafunction                       ; /opt/intelFPGA_lite/23.1/quartus/libraries/megafunctions/sld_hub.vhd                                         ; altera_sld  ;
; db/ip/sld75bf76c9/alt_sld_fab.v                                    ; yes             ; Encrypted Auto-Found Verilog HDL File        ; /home/aluno/Repos/MI-Sistemas-Digitais-P1/db/ip/sld75bf76c9/alt_sld_fab.v                                    ; alt_sld_fab ;
; db/ip/sld75bf76c9/submodules/alt_sld_fab_alt_sld_fab.v             ; yes             ; Encrypted Auto-Found Verilog HDL File        ; /home/aluno/Repos/MI-Sistemas-Digitais-P1/db/ip/sld75bf76c9/submodules/alt_sld_fab_alt_sld_fab.v             ; alt_sld_fab ;
; db/ip/sld75bf76c9/submodules/alt_sld_fab_alt_sld_fab_ident.sv      ; yes             ; Auto-Found SystemVerilog HDL File            ; /home/aluno/Repos/MI-Sistemas-Digitais-P1/db/ip/sld75bf76c9/submodules/alt_sld_fab_alt_sld_fab_ident.sv      ; alt_sld_fab ;
; db/ip/sld75bf76c9/submodules/alt_sld_fab_alt_sld_fab_presplit.sv   ; yes             ; Encrypted Auto-Found SystemVerilog HDL File  ; /home/aluno/Repos/MI-Sistemas-Digitais-P1/db/ip/sld75bf76c9/submodules/alt_sld_fab_alt_sld_fab_presplit.sv   ; alt_sld_fab ;
; db/ip/sld75bf76c9/submodules/alt_sld_fab_alt_sld_fab_sldfabric.vhd ; yes             ; Encrypted Auto-Found VHDL File               ; /home/aluno/Repos/MI-Sistemas-Digitais-P1/db/ip/sld75bf76c9/submodules/alt_sld_fab_alt_sld_fab_sldfabric.vhd ; alt_sld_fab ;
; db/ip/sld75bf76c9/submodules/alt_sld_fab_alt_sld_fab_splitter.sv   ; yes             ; Encrypted Auto-Found SystemVerilog HDL File  ; /home/aluno/Repos/MI-Sistemas-Digitais-P1/db/ip/sld75bf76c9/submodules/alt_sld_fab_alt_sld_fab_splitter.sv   ; alt_sld_fab ;
; sld_jtag_hub.vhd                                                   ; yes             ; Encrypted Megafunction                       ; /opt/intelFPGA_lite/23.1/quartus/libraries/megafunctions/sld_jtag_hub.vhd                                    ;             ;
+--------------------------------------------------------------------+-----------------+----------------------------------------------+--------------------------------------------------------------------------------------------------------------+-------------+


+------------------------------------------------------------------------+
; Analysis & Synthesis Resource Usage Summary                            ;
+---------------------------------------------+--------------------------+
; Resource                                    ; Usage                    ;
+---------------------------------------------+--------------------------+
; Estimate of Logic utilization (ALMs needed) ; 102                      ;
;                                             ;                          ;
; Combinational ALUT usage for logic          ; 140                      ;
;     -- 7 input functions                    ; 3                        ;
;     -- 6 input functions                    ; 24                       ;
;     -- 5 input functions                    ; 27                       ;
;     -- 4 input functions                    ; 25                       ;
;     -- <=3 input functions                  ; 61                       ;
;                                             ;                          ;
; Dedicated logic registers                   ; 149                      ;
;                                             ;                          ;
; I/O pins                                    ; 1                        ;
; Total MLAB memory bits                      ; 0                        ;
; Total block memory bits                     ; 8192                     ;
;                                             ;                          ;
; Total DSP Blocks                            ; 0                        ;
;                                             ;                          ;
; Maximum fan-out node                        ; altera_internal_jtag~TDO ;
; Maximum fan-out                             ; 206                      ;
; Total fan-out                               ; 1508                     ;
; Average fan-out                             ; 4.54                     ;
+---------------------------------------------+--------------------------+


+-------------------------------------------------------------------------------------------------------------------------------------------------------------------------------------------------------------------------------------------------------------------------------------------------------------------------------------------------------------------------------------------------------------------------------------------------------------------------------------------------------------------------------------------------------------------------------------------------------------------------------------------------------+
; Analysis & Synthesis Resource Utilization by Entity                                                                                                                                                                                                                                                                                                                                                                                                                                                                                                                                                                                                   ;
+-----------------------------------------------------------------------------------------------------------------------------------------+---------------------+---------------------------+-------------------+------------+------+--------------+-------------------------------------------------------------------------------------------------------------------------------------------------------------------------------------------------------------------------------------------------------------------------------------------------------------------------------------------------+-----------------------------------+--------------+
; Compilation Hierarchy Node                                                                                                              ; Combinational ALUTs ; Dedicated Logic Registers ; Block Memory Bits ; DSP Blocks ; Pins ; Virtual Pins ; Full Hierarchy Name                                                                                                                                                                                                                                                                                                                             ; Entity Name                       ; Library Name ;
+-----------------------------------------------------------------------------------------------------------------------------------------+---------------------+---------------------------+-------------------+------------+------+--------------+-------------------------------------------------------------------------------------------------------------------------------------------------------------------------------------------------------------------------------------------------------------------------------------------------------------------------------------------------+-----------------------------------+--------------+
; |mpu                                                                                                                                    ; 140 (1)             ; 149 (0)                   ; 8192              ; 0          ; 1    ; 0            ; |mpu                                                                                                                                                                                                                                                                                                                                            ; mpu                               ; work         ;
;    |memory:comb_6|                                                                                                                      ; 41 (0)              ; 63 (0)                    ; 8192              ; 0          ; 0    ; 0            ; |mpu|memory:comb_6                                                                                                                                                                                                                                                                                                                              ; memory                            ; work         ;
;       |altsyncram:altsyncram_component|                                                                                                 ; 41 (0)              ; 63 (0)                    ; 8192              ; 0          ; 0    ; 0            ; |mpu|memory:comb_6|altsyncram:altsyncram_component                                                                                                                                                                                                                                                                                              ; altsyncram                        ; work         ;
;          |altsyncram_ibo1:auto_generated|                                                                                               ; 41 (0)              ; 63 (0)                    ; 8192              ; 0          ; 0    ; 0            ; |mpu|memory:comb_6|altsyncram:altsyncram_component|altsyncram_ibo1:auto_generated                                                                                                                                                                                                                                                               ; altsyncram_ibo1                   ; work         ;
;             |altsyncram_die2:altsyncram1|                                                                                               ; 0 (0)               ; 0 (0)                     ; 8192              ; 0          ; 0    ; 0            ; |mpu|memory:comb_6|altsyncram:altsyncram_component|altsyncram_ibo1:auto_generated|altsyncram_die2:altsyncram1                                                                                                                                                                                                                                   ; altsyncram_die2                   ; work         ;
;             |sld_mod_ram_rom:mgl_prim2|                                                                                                 ; 41 (30)             ; 63 (55)                   ; 0                 ; 0          ; 0    ; 0            ; |mpu|memory:comb_6|altsyncram:altsyncram_component|altsyncram_ibo1:auto_generated|sld_mod_ram_rom:mgl_prim2                                                                                                                                                                                                                                     ; sld_mod_ram_rom                   ; work         ;
;                |sld_rom_sr:\ram_rom_logic_gen:no_name_gen:info_rom_sr|                                                                  ; 11 (11)             ; 8 (8)                     ; 0                 ; 0          ; 0    ; 0            ; |mpu|memory:comb_6|altsyncram:altsyncram_component|altsyncram_ibo1:auto_generated|sld_mod_ram_rom:mgl_prim2|sld_rom_sr:\ram_rom_logic_gen:no_name_gen:info_rom_sr                                                                                                                                                                               ; sld_rom_sr                        ; work         ;
;    |sld_hub:auto_hub|                                                                                                                   ; 98 (1)              ; 86 (0)                    ; 0                 ; 0          ; 0    ; 0            ; |mpu|sld_hub:auto_hub                                                                                                                                                                                                                                                                                                                           ; sld_hub                           ; altera_sld   ;
;       |alt_sld_fab_with_jtag_input:\instrumentation_fabric_with_node_gen:fabric_gen_new_way:with_jtag_input_gen:instrumentation_fabric| ; 97 (0)              ; 86 (0)                    ; 0                 ; 0          ; 0    ; 0            ; |mpu|sld_hub:auto_hub|alt_sld_fab_with_jtag_input:\instrumentation_fabric_with_node_gen:fabric_gen_new_way:with_jtag_input_gen:instrumentation_fabric                                                                                                                                                                                           ; alt_sld_fab_with_jtag_input       ; altera_sld   ;
;          |alt_sld_fab:instrumentation_fabric|                                                                                           ; 97 (0)              ; 86 (0)                    ; 0                 ; 0          ; 0    ; 0            ; |mpu|sld_hub:auto_hub|alt_sld_fab_with_jtag_input:\instrumentation_fabric_with_node_gen:fabric_gen_new_way:with_jtag_input_gen:instrumentation_fabric|alt_sld_fab:instrumentation_fabric                                                                                                                                                        ; alt_sld_fab                       ; alt_sld_fab  ;
;             |alt_sld_fab_alt_sld_fab:alt_sld_fab|                                                                                       ; 97 (1)              ; 86 (5)                    ; 0                 ; 0          ; 0    ; 0            ; |mpu|sld_hub:auto_hub|alt_sld_fab_with_jtag_input:\instrumentation_fabric_with_node_gen:fabric_gen_new_way:with_jtag_input_gen:instrumentation_fabric|alt_sld_fab:instrumentation_fabric|alt_sld_fab_alt_sld_fab:alt_sld_fab                                                                                                                    ; alt_sld_fab_alt_sld_fab           ; alt_sld_fab  ;
;                |alt_sld_fab_alt_sld_fab_sldfabric:sldfabric|                                                                            ; 96 (0)              ; 81 (0)                    ; 0                 ; 0          ; 0    ; 0            ; |mpu|sld_hub:auto_hub|alt_sld_fab_with_jtag_input:\instrumentation_fabric_with_node_gen:fabric_gen_new_way:with_jtag_input_gen:instrumentation_fabric|alt_sld_fab:instrumentation_fabric|alt_sld_fab_alt_sld_fab:alt_sld_fab|alt_sld_fab_alt_sld_fab_sldfabric:sldfabric                                                                        ; alt_sld_fab_alt_sld_fab_sldfabric ; alt_sld_fab  ;
;                   |sld_jtag_hub:\jtag_hub_gen:real_sld_jtag_hub|                                                                        ; 96 (63)             ; 81 (53)                   ; 0                 ; 0          ; 0    ; 0            ; |mpu|sld_hub:auto_hub|alt_sld_fab_with_jtag_input:\instrumentation_fabric_with_node_gen:fabric_gen_new_way:with_jtag_input_gen:instrumentation_fabric|alt_sld_fab:instrumentation_fabric|alt_sld_fab_alt_sld_fab:alt_sld_fab|alt_sld_fab_alt_sld_fab_sldfabric:sldfabric|sld_jtag_hub:\jtag_hub_gen:real_sld_jtag_hub                           ; sld_jtag_hub                      ; work         ;
;                      |sld_rom_sr:hub_info_reg|                                                                                          ; 14 (14)             ; 9 (9)                     ; 0                 ; 0          ; 0    ; 0            ; |mpu|sld_hub:auto_hub|alt_sld_fab_with_jtag_input:\instrumentation_fabric_with_node_gen:fabric_gen_new_way:with_jtag_input_gen:instrumentation_fabric|alt_sld_fab:instrumentation_fabric|alt_sld_fab_alt_sld_fab:alt_sld_fab|alt_sld_fab_alt_sld_fab_sldfabric:sldfabric|sld_jtag_hub:\jtag_hub_gen:real_sld_jtag_hub|sld_rom_sr:hub_info_reg   ; sld_rom_sr                        ; work         ;
;                      |sld_shadow_jsm:shadow_jsm|                                                                                        ; 19 (19)             ; 19 (19)                   ; 0                 ; 0          ; 0    ; 0            ; |mpu|sld_hub:auto_hub|alt_sld_fab_with_jtag_input:\instrumentation_fabric_with_node_gen:fabric_gen_new_way:with_jtag_input_gen:instrumentation_fabric|alt_sld_fab:instrumentation_fabric|alt_sld_fab_alt_sld_fab:alt_sld_fab|alt_sld_fab_alt_sld_fab_sldfabric:sldfabric|sld_jtag_hub:\jtag_hub_gen:real_sld_jtag_hub|sld_shadow_jsm:shadow_jsm ; sld_shadow_jsm                    ; altera_sld   ;
+-----------------------------------------------------------------------------------------------------------------------------------------+---------------------+---------------------------+-------------------+------------+------+--------------+-------------------------------------------------------------------------------------------------------------------------------------------------------------------------------------------------------------------------------------------------------------------------------------------------------------------------------------------------+-----------------------------------+--------------+
Note: For table entries with two numbers listed, the numbers in parentheses indicate the number of resources of the given type used by the specific entity alone. The numbers listed outside of parentheses indicate the total resources of the given type used by the specific entity and all of its sub-entities in the hierarchy.


+-----------------------------------------------------------------------------------------------------------------------------------------------------------------------------------------------------------------------+
; Analysis & Synthesis RAM Summary                                                                                                                                                                                      ;
+---------------------------------------------------------------------------------------------------------------------+------+----------------+--------------+--------------+--------------+--------------+------+------+
; Name                                                                                                                ; Type ; Mode           ; Port A Depth ; Port A Width ; Port B Depth ; Port B Width ; Size ; MIF  ;
+---------------------------------------------------------------------------------------------------------------------+------+----------------+--------------+--------------+--------------+--------------+------+------+
; memory:comb_6|altsyncram:altsyncram_component|altsyncram_ibo1:auto_generated|altsyncram_die2:altsyncram1|ALTSYNCRAM ; AUTO ; True Dual Port ; 256          ; 32           ; 256          ; 32           ; 8192 ; None ;
+---------------------------------------------------------------------------------------------------------------------+------+----------------+--------------+--------------+--------------+--------------+------+------+


+------------------------------------------------------------------------------------------------------------------------------------------------------------------------------------------------------------------------------------------------------------------------------------------------------------------------------------------------------------+
; Analysis & Synthesis IP Cores Summary                                                                                                                                                                                                                                                                                                                      ;
+--------+--------------+---------+--------------+--------------+--------------------------------------------------------------------------------------------------------------------------------------------------------------------------------------------------------------------------------------------------------------------------+-----------------+
; Vendor ; IP Core Name ; Version ; Release Date ; License Type ; Entity Instance                                                                                                                                                                                                                                                          ; IP Include File ;
+--------+--------------+---------+--------------+--------------+--------------------------------------------------------------------------------------------------------------------------------------------------------------------------------------------------------------------------------------------------------------------------+-----------------+
; Altera ; Signal Tap   ; N/A     ; N/A          ; Licensed     ; |mpu|sld_hub:auto_hub|alt_sld_fab_with_jtag_input:\instrumentation_fabric_with_node_gen:fabric_gen_new_way:with_jtag_input_gen:instrumentation_fabric|alt_sld_fab:instrumentation_fabric                                                                                 ;                 ;
; Altera ; Signal Tap   ; N/A     ; N/A          ; Licensed     ; |mpu|sld_hub:auto_hub|alt_sld_fab_with_jtag_input:\instrumentation_fabric_with_node_gen:fabric_gen_new_way:with_jtag_input_gen:instrumentation_fabric|alt_sld_fab:instrumentation_fabric|alt_sld_fab_alt_sld_fab:alt_sld_fab                                             ;                 ;
; Altera ; Signal Tap   ; N/A     ; N/A          ; Licensed     ; |mpu|sld_hub:auto_hub|alt_sld_fab_with_jtag_input:\instrumentation_fabric_with_node_gen:fabric_gen_new_way:with_jtag_input_gen:instrumentation_fabric|alt_sld_fab:instrumentation_fabric|alt_sld_fab_alt_sld_fab:alt_sld_fab|alt_sld_fab_alt_sld_fab_presplit:presplit   ;                 ;
; Altera ; Signal Tap   ; N/A     ; N/A          ; Licensed     ; |mpu|sld_hub:auto_hub|alt_sld_fab_with_jtag_input:\instrumentation_fabric_with_node_gen:fabric_gen_new_way:with_jtag_input_gen:instrumentation_fabric|alt_sld_fab:instrumentation_fabric|alt_sld_fab_alt_sld_fab:alt_sld_fab|alt_sld_fab_alt_sld_fab_sldfabric:sldfabric ;                 ;
; Altera ; Signal Tap   ; N/A     ; N/A          ; Licensed     ; |mpu|sld_hub:auto_hub|alt_sld_fab_with_jtag_input:\instrumentation_fabric_with_node_gen:fabric_gen_new_way:with_jtag_input_gen:instrumentation_fabric|alt_sld_fab:instrumentation_fabric|alt_sld_fab_alt_sld_fab:alt_sld_fab|alt_sld_fab_alt_sld_fab_splitter:splitter   ;                 ;
+--------+--------------+---------+--------------+--------------+--------------------------------------------------------------------------------------------------------------------------------------------------------------------------------------------------------------------------------------------------------------------------+-----------------+


+--------------------------------------------------------------------------------------+
; Registers Removed During Synthesis                                                   ;
+----------------------------------------+---------------------------------------------+
; Register name                          ; Reason for Removal                          ;
+----------------------------------------+---------------------------------------------+
; control_unit:comb_3|state[0]           ; Stuck at VCC due to stuck port data_in      ;
; control_unit:comb_3|state[1,2]         ; Lost fanout                                 ;
; control_unit:comb_3|mem_address[0..7]  ; Stuck at GND due to stuck port clock_enable ;
; control_unit:comb_3|mem_read_enabled   ; Stuck at GND due to stuck port clock_enable ;
; Total Number of Removed Registers = 12 ;                                             ;
+----------------------------------------+---------------------------------------------+


+-----------------------------------------------------------------------------------------------------------------------+
; Removed Registers Triggering Further Register Optimizations                                                           ;
+------------------------------+---------------------------+------------------------------------------------------------+
; Register name                ; Reason for Removal        ; Registers Removed due to This Register                     ;
+------------------------------+---------------------------+------------------------------------------------------------+
; control_unit:comb_3|state[0] ; Stuck at VCC              ; control_unit:comb_3|state[2], control_unit:comb_3|state[1] ;
;                              ; due to stuck port data_in ;                                                            ;
+------------------------------+---------------------------+------------------------------------------------------------+


+------------------------------------------------------+
; General Register Statistics                          ;
+----------------------------------------------+-------+
; Statistic                                    ; Value ;
+----------------------------------------------+-------+
; Total registers                              ; 149   ;
; Number of registers using Synchronous Clear  ; 7     ;
; Number of registers using Synchronous Load   ; 41    ;
; Number of registers using Asynchronous Clear ; 56    ;
; Number of registers using Asynchronous Load  ; 0     ;
; Number of registers using Clock Enable       ; 113   ;
; Number of registers using Preset             ; 0     ;
+----------------------------------------------+-------+


+-------------------------------------------------------------------------------------------------------------------------------------------------------------------------------------------------------------------------------------------------------------------------------------------------------------------------------------------+
; Inverted Register Statistics                                                                                                                                                                                                                                                                                                              ;
+---------------------------------------------------------------------------------------------------------------------------------------------------------------------------------------------------------------------------------------------------------------------------------------------------------------------------------+---------+
; Inverted Register                                                                                                                                                                                                                                                                                                               ; Fan out ;
+---------------------------------------------------------------------------------------------------------------------------------------------------------------------------------------------------------------------------------------------------------------------------------------------------------------------------------+---------+
; sld_hub:auto_hub|alt_sld_fab_with_jtag_input:\instrumentation_fabric_with_node_gen:fabric_gen_new_way:with_jtag_input_gen:instrumentation_fabric|alt_sld_fab:instrumentation_fabric|alt_sld_fab_alt_sld_fab:alt_sld_fab|alt_sld_fab_alt_sld_fab_sldfabric:sldfabric|sld_jtag_hub:\jtag_hub_gen:real_sld_jtag_hub|jtag_ir_reg[1] ; 3       ;
; sld_hub:auto_hub|alt_sld_fab_with_jtag_input:\instrumentation_fabric_with_node_gen:fabric_gen_new_way:with_jtag_input_gen:instrumentation_fabric|alt_sld_fab:instrumentation_fabric|alt_sld_fab_alt_sld_fab:alt_sld_fab|alt_sld_fab_alt_sld_fab_sldfabric:sldfabric|sld_jtag_hub:\jtag_hub_gen:real_sld_jtag_hub|jtag_ir_reg[2] ; 3       ;
; Total number of inverted registers = 2                                                                                                                                                                                                                                                                                          ;         ;
+---------------------------------------------------------------------------------------------------------------------------------------------------------------------------------------------------------------------------------------------------------------------------------------------------------------------------------+---------+


+-----------------------------------------------------------------------------------------------------------------------------------------------------------------------------------------------------------------------------------------------------------------------------------------------------------------------------------------------------------------------------------------------------------------------------------------------------------------------------+
; Multiplexer Restructuring Statistics (Restructuring Performed)                                                                                                                                                                                                                                                                                                                                                                                                              ;
+--------------------+-----------+---------------+----------------------+------------------------+------------+---------------------------------------------------------------------------------------------------------------------------------------------------------------------------------------------------------------------------------------------------------------------------------------------------------------------------------------------------------------+
; Multiplexer Inputs ; Bus Width ; Baseline Area ; Area if Restructured ; Saving if Restructured ; Registered ; Example Multiplexer Output                                                                                                                                                                                                                                                                                                                                    ;
+--------------------+-----------+---------------+----------------------+------------------------+------------+---------------------------------------------------------------------------------------------------------------------------------------------------------------------------------------------------------------------------------------------------------------------------------------------------------------------------------------------------------------+
; 3:1                ; 32 bits   ; 64 LEs        ; 0 LEs                ; 64 LEs                 ; Yes        ; |mpu|memory:comb_6|altsyncram:altsyncram_component|altsyncram_ibo1:auto_generated|sld_mod_ram_rom:mgl_prim2|ram_rom_data_reg[5]                                                                                                                                                                                                                               ;
; 3:1                ; 6 bits    ; 12 LEs        ; 6 LEs                ; 6 LEs                  ; Yes        ; |mpu|memory:comb_6|altsyncram:altsyncram_component|altsyncram_ibo1:auto_generated|sld_mod_ram_rom:mgl_prim2|ram_rom_data_shift_cntr_reg[1]                                                                                                                                                                                                                    ;
; 3:1                ; 8 bits    ; 16 LEs        ; 0 LEs                ; 16 LEs                 ; Yes        ; |mpu|memory:comb_6|altsyncram:altsyncram_component|altsyncram_ibo1:auto_generated|sld_mod_ram_rom:mgl_prim2|ram_rom_addr_reg[0]                                                                                                                                                                                                                               ;
; 4:1                ; 4 bits    ; 8 LEs         ; 8 LEs                ; 0 LEs                  ; Yes        ; |mpu|memory:comb_6|altsyncram:altsyncram_component|altsyncram_ibo1:auto_generated|sld_mod_ram_rom:mgl_prim2|sld_rom_sr:\ram_rom_logic_gen:no_name_gen:info_rom_sr|word_counter[0]                                                                                                                                                                             ;
; 4:1                ; 2 bits    ; 4 LEs         ; 4 LEs                ; 0 LEs                  ; Yes        ; |mpu|memory:comb_6|altsyncram:altsyncram_component|altsyncram_ibo1:auto_generated|sld_mod_ram_rom:mgl_prim2|sld_rom_sr:\ram_rom_logic_gen:no_name_gen:info_rom_sr|WORD_SR[3]                                                                                                                                                                                  ;
; 18:1               ; 2 bits    ; 24 LEs        ; 14 LEs               ; 10 LEs                 ; Yes        ; |mpu|memory:comb_6|altsyncram:altsyncram_component|altsyncram_ibo1:auto_generated|sld_mod_ram_rom:mgl_prim2|sld_rom_sr:\ram_rom_logic_gen:no_name_gen:info_rom_sr|WORD_SR[1]                                                                                                                                                                                  ;
; 3:1                ; 7 bits    ; 14 LEs        ; 7 LEs                ; 7 LEs                  ; Yes        ; |mpu|sld_hub:auto_hub|alt_sld_fab_with_jtag_input:\instrumentation_fabric_with_node_gen:fabric_gen_new_way:with_jtag_input_gen:instrumentation_fabric|alt_sld_fab:instrumentation_fabric|alt_sld_fab_alt_sld_fab:alt_sld_fab|alt_sld_fab_alt_sld_fab_sldfabric:sldfabric|sld_jtag_hub:\jtag_hub_gen:real_sld_jtag_hub|irsr_reg[2]                             ;
; 3:1                ; 2 bits    ; 4 LEs         ; 2 LEs                ; 2 LEs                  ; Yes        ; |mpu|sld_hub:auto_hub|alt_sld_fab_with_jtag_input:\instrumentation_fabric_with_node_gen:fabric_gen_new_way:with_jtag_input_gen:instrumentation_fabric|alt_sld_fab:instrumentation_fabric|alt_sld_fab_alt_sld_fab:alt_sld_fab|alt_sld_fab_alt_sld_fab_sldfabric:sldfabric|sld_jtag_hub:\jtag_hub_gen:real_sld_jtag_hub|hub_minor_ver_reg[2]                    ;
; 3:1                ; 2 bits    ; 4 LEs         ; 2 LEs                ; 2 LEs                  ; Yes        ; |mpu|sld_hub:auto_hub|alt_sld_fab_with_jtag_input:\instrumentation_fabric_with_node_gen:fabric_gen_new_way:with_jtag_input_gen:instrumentation_fabric|alt_sld_fab:instrumentation_fabric|alt_sld_fab_alt_sld_fab:alt_sld_fab|alt_sld_fab_alt_sld_fab_sldfabric:sldfabric|sld_jtag_hub:\jtag_hub_gen:real_sld_jtag_hub|hub_minor_ver_reg[3]                    ;
; 4:1                ; 5 bits    ; 10 LEs        ; 10 LEs               ; 0 LEs                  ; Yes        ; |mpu|sld_hub:auto_hub|alt_sld_fab_with_jtag_input:\instrumentation_fabric_with_node_gen:fabric_gen_new_way:with_jtag_input_gen:instrumentation_fabric|alt_sld_fab:instrumentation_fabric|alt_sld_fab_alt_sld_fab:alt_sld_fab|alt_sld_fab_alt_sld_fab_sldfabric:sldfabric|sld_jtag_hub:\jtag_hub_gen:real_sld_jtag_hub|mixer_addr_reg_internal[4]              ;
; 4:1                ; 5 bits    ; 10 LEs        ; 10 LEs               ; 0 LEs                  ; Yes        ; |mpu|sld_hub:auto_hub|alt_sld_fab_with_jtag_input:\instrumentation_fabric_with_node_gen:fabric_gen_new_way:with_jtag_input_gen:instrumentation_fabric|alt_sld_fab:instrumentation_fabric|alt_sld_fab_alt_sld_fab:alt_sld_fab|alt_sld_fab_alt_sld_fab_sldfabric:sldfabric|sld_jtag_hub:\jtag_hub_gen:real_sld_jtag_hub|sld_rom_sr:hub_info_reg|word_counter[4] ;
; 34:1               ; 4 bits    ; 88 LEs        ; 64 LEs               ; 24 LEs                 ; Yes        ; |mpu|sld_hub:auto_hub|alt_sld_fab_with_jtag_input:\instrumentation_fabric_with_node_gen:fabric_gen_new_way:with_jtag_input_gen:instrumentation_fabric|alt_sld_fab:instrumentation_fabric|alt_sld_fab_alt_sld_fab:alt_sld_fab|alt_sld_fab_alt_sld_fab_sldfabric:sldfabric|sld_jtag_hub:\jtag_hub_gen:real_sld_jtag_hub|design_hash_reg[1]                      ;
; 20:1               ; 4 bits    ; 52 LEs        ; 32 LEs               ; 20 LEs                 ; Yes        ; |mpu|sld_hub:auto_hub|alt_sld_fab_with_jtag_input:\instrumentation_fabric_with_node_gen:fabric_gen_new_way:with_jtag_input_gen:instrumentation_fabric|alt_sld_fab:instrumentation_fabric|alt_sld_fab_alt_sld_fab:alt_sld_fab|alt_sld_fab_alt_sld_fab_sldfabric:sldfabric|sld_jtag_hub:\jtag_hub_gen:real_sld_jtag_hub|sld_rom_sr:hub_info_reg|WORD_SR[1]      ;
+--------------------+-----------+---------------+----------------------+------------------------+------------+---------------------------------------------------------------------------------------------------------------------------------------------------------------------------------------------------------------------------------------------------------------------------------------------------------------------------------------------------------------+


+---------------------------------------------------------------------------------------------------------------------------------+
; Source assignments for memory:comb_6|altsyncram:altsyncram_component|altsyncram_ibo1:auto_generated|altsyncram_die2:altsyncram1 ;
+---------------------------------+--------------------+------+-------------------------------------------------------------------+
; Assignment                      ; Value              ; From ; To                                                                ;
+---------------------------------+--------------------+------+-------------------------------------------------------------------+
; OPTIMIZE_POWER_DURING_SYNTHESIS ; NORMAL_COMPILATION ; -    ; -                                                                 ;
+---------------------------------+--------------------+------+-------------------------------------------------------------------+


+--------------------------------------------------------------------------------------------+
; Parameter Settings for User Entity Instance: memory:comb_6|altsyncram:altsyncram_component ;
+------------------------------------+----------------------+--------------------------------+
; Parameter Name                     ; Value                ; Type                           ;
+------------------------------------+----------------------+--------------------------------+
; BYTE_SIZE_BLOCK                    ; 8                    ; Untyped                        ;
; AUTO_CARRY_CHAINS                  ; ON                   ; AUTO_CARRY                     ;
; IGNORE_CARRY_BUFFERS               ; OFF                  ; IGNORE_CARRY                   ;
; AUTO_CASCADE_CHAINS                ; ON                   ; AUTO_CASCADE                   ;
; IGNORE_CASCADE_BUFFERS             ; OFF                  ; IGNORE_CASCADE                 ;
; WIDTH_BYTEENA                      ; 1                    ; Untyped                        ;
; OPERATION_MODE                     ; SINGLE_PORT          ; Untyped                        ;
; WIDTH_A                            ; 32                   ; Signed Integer                 ;
; WIDTHAD_A                          ; 8                    ; Signed Integer                 ;
; NUMWORDS_A                         ; 256                  ; Signed Integer                 ;
; OUTDATA_REG_A                      ; CLOCK0               ; Untyped                        ;
; ADDRESS_ACLR_A                     ; NONE                 ; Untyped                        ;
; OUTDATA_ACLR_A                     ; NONE                 ; Untyped                        ;
; WRCONTROL_ACLR_A                   ; NONE                 ; Untyped                        ;
; INDATA_ACLR_A                      ; NONE                 ; Untyped                        ;
; BYTEENA_ACLR_A                     ; NONE                 ; Untyped                        ;
; WIDTH_B                            ; 1                    ; Untyped                        ;
; WIDTHAD_B                          ; 1                    ; Untyped                        ;
; NUMWORDS_B                         ; 1                    ; Untyped                        ;
; INDATA_REG_B                       ; CLOCK1               ; Untyped                        ;
; WRCONTROL_WRADDRESS_REG_B          ; CLOCK1               ; Untyped                        ;
; RDCONTROL_REG_B                    ; CLOCK1               ; Untyped                        ;
; ADDRESS_REG_B                      ; CLOCK1               ; Untyped                        ;
; OUTDATA_REG_B                      ; UNREGISTERED         ; Untyped                        ;
; BYTEENA_REG_B                      ; CLOCK1               ; Untyped                        ;
; INDATA_ACLR_B                      ; NONE                 ; Untyped                        ;
; WRCONTROL_ACLR_B                   ; NONE                 ; Untyped                        ;
; ADDRESS_ACLR_B                     ; NONE                 ; Untyped                        ;
; OUTDATA_ACLR_B                     ; NONE                 ; Untyped                        ;
; RDCONTROL_ACLR_B                   ; NONE                 ; Untyped                        ;
; BYTEENA_ACLR_B                     ; NONE                 ; Untyped                        ;
; WIDTH_BYTEENA_A                    ; 1                    ; Signed Integer                 ;
; WIDTH_BYTEENA_B                    ; 1                    ; Untyped                        ;
; RAM_BLOCK_TYPE                     ; AUTO                 ; Untyped                        ;
; BYTE_SIZE                          ; 8                    ; Untyped                        ;
; READ_DURING_WRITE_MODE_MIXED_PORTS ; DONT_CARE            ; Untyped                        ;
; READ_DURING_WRITE_MODE_PORT_A      ; NEW_DATA_NO_NBE_READ ; Untyped                        ;
; READ_DURING_WRITE_MODE_PORT_B      ; NEW_DATA_NO_NBE_READ ; Untyped                        ;
; INIT_FILE                          ; UNUSED               ; Untyped                        ;
; INIT_FILE_LAYOUT                   ; PORT_A               ; Untyped                        ;
; MAXIMUM_DEPTH                      ; 0                    ; Untyped                        ;
; CLOCK_ENABLE_INPUT_A               ; BYPASS               ; Untyped                        ;
; CLOCK_ENABLE_INPUT_B               ; NORMAL               ; Untyped                        ;
; CLOCK_ENABLE_OUTPUT_A              ; BYPASS               ; Untyped                        ;
; CLOCK_ENABLE_OUTPUT_B              ; NORMAL               ; Untyped                        ;
; CLOCK_ENABLE_CORE_A                ; USE_INPUT_CLKEN      ; Untyped                        ;
; CLOCK_ENABLE_CORE_B                ; USE_INPUT_CLKEN      ; Untyped                        ;
; ENABLE_ECC                         ; FALSE                ; Untyped                        ;
; ECC_PIPELINE_STAGE_ENABLED         ; FALSE                ; Untyped                        ;
; WIDTH_ECCSTATUS                    ; 3                    ; Untyped                        ;
; DEVICE_FAMILY                      ; Cyclone V            ; Untyped                        ;
; CBXI_PARAMETER                     ; altsyncram_ibo1      ; Untyped                        ;
+------------------------------------+----------------------+--------------------------------+
Note: In order to hide this table in the UI and the text report file, please set the "Show Parameter Settings in Synthesis Report" option in "Analysis and Synthesis Settings -> More Settings" to "Off".


+-------------------------------------------------------------------------------------------+
; altsyncram Parameter Settings by Entity Instance                                          ;
+-------------------------------------------+-----------------------------------------------+
; Name                                      ; Value                                         ;
+-------------------------------------------+-----------------------------------------------+
; Number of entity instances                ; 1                                             ;
; Entity Instance                           ; memory:comb_6|altsyncram:altsyncram_component ;
;     -- OPERATION_MODE                     ; SINGLE_PORT                                   ;
;     -- WIDTH_A                            ; 32                                            ;
;     -- NUMWORDS_A                         ; 256                                           ;
;     -- OUTDATA_REG_A                      ; CLOCK0                                        ;
;     -- WIDTH_B                            ; 1                                             ;
;     -- NUMWORDS_B                         ; 1                                             ;
;     -- ADDRESS_REG_B                      ; CLOCK1                                        ;
;     -- OUTDATA_REG_B                      ; UNREGISTERED                                  ;
;     -- RAM_BLOCK_TYPE                     ; AUTO                                          ;
;     -- READ_DURING_WRITE_MODE_MIXED_PORTS ; DONT_CARE                                     ;
+-------------------------------------------+-----------------------------------------------+


+-----------------------------------------------------------------------------------------------------------------------------------------------------------------------------+
; Port Connectivity Checks: "memory:comb_6"                                                                                                                                   ;
+------+--------+----------+--------------------------------------------------------------------------------------------------------------------------------------------------+
; Port ; Type   ; Severity ; Details                                                                                                                                          ;
+------+--------+----------+--------------------------------------------------------------------------------------------------------------------------------------------------+
; data ; Input  ; Warning  ; Input port expression (16 bits) is smaller than the input port (32 bits) it drives.  Extra input bit(s) "data[31..16]" will be connected to GND. ;
; q    ; Output ; Warning  ; Output or bidir port (32 bits) is wider than the port expression (16 bits) it drives; bit(s) "q[31..16]" have no fanouts                         ;
; q    ; Output ; Info     ; Connected to dangling logic. Logic that only feeds a dangling port will be removed.                                                              ;
+------+--------+----------+--------------------------------------------------------------------------------------------------------------------------------------------------+


+---------------------------------------------------------------------------------------+
; Port Connectivity Checks: "alu:comb_5|matrix_opposite:u_opp|matrix_mul_scalar:helper" ;
+---------+-------+----------+----------------------------------------------------------+
; Port    ; Type  ; Severity ; Details                                                  ;
+---------+-------+----------+----------------------------------------------------------+
; value_b ; Input ; Info     ; Stuck at VCC                                             ;
+---------+-------+----------+----------------------------------------------------------+


+-------------------------------------------------------------------------------------------------------------------------------------------------------------------------+
; Port Connectivity Checks: "alu:comb_5|matrix_sub:u_sub"                                                                                                                 ;
+-------+-------+----------+----------------------------------------------------------------------------------------------------------------------------------------------+
; Port  ; Type  ; Severity ; Details                                                                                                                                      ;
+-------+-------+----------+----------------------------------------------------------------------------------------------------------------------------------------------+
; clock ; Input ; Warning  ; Declared by entity but not connected by instance. If a default value exists, it will be used.  Otherwise, the port will be connected to GND. ;
+-------+-------+----------+----------------------------------------------------------------------------------------------------------------------------------------------+


+-------------------------------------------------------------------------------------------------------------------------------------------------------------------------+
; Port Connectivity Checks: "alu:comb_5|matrix_add:u_add"                                                                                                                 ;
+-------+-------+----------+----------------------------------------------------------------------------------------------------------------------------------------------+
; Port  ; Type  ; Severity ; Details                                                                                                                                      ;
+-------+-------+----------+----------------------------------------------------------------------------------------------------------------------------------------------+
; clock ; Input ; Warning  ; Declared by entity but not connected by instance. If a default value exists, it will be used.  Otherwise, the port will be connected to GND. ;
+-------+-------+----------+----------------------------------------------------------------------------------------------------------------------------------------------+


+--------------------------------------------------------------------------------------------------------------------+
; Port Connectivity Checks: "alu:comb_5"                                                                             ;
+----------+--------+----------+-------------------------------------------------------------------------------------+
; Port     ; Type   ; Severity ; Details                                                                             ;
+----------+--------+----------+-------------------------------------------------------------------------------------+
; matrix_r ; Output ; Info     ; Connected to dangling logic. Logic that only feeds a dangling port will be removed. ;
; value_r  ; Output ; Info     ; Connected to dangling logic. Logic that only feeds a dangling port will be removed. ;
+----------+--------+----------+-------------------------------------------------------------------------------------+


+--------------------------------------------------------------------------------------------------------------------------------------------------------------------------------------------+
; Port Connectivity Checks: "register_file:comb_4"                                                                                                                                           ;
+--------------+--------+----------+---------------------------------------------------------------------------------------------------------------------------------------------------------+
; Port         ; Type   ; Severity ; Details                                                                                                                                                 ;
+--------------+--------+----------+---------------------------------------------------------------------------------------------------------------------------------------------------------+
; reg_a        ; Input  ; Warning  ; Input port expression (1 bits) is smaller than the input port (8 bits) it drives.  Extra input bit(s) "reg_a[7..1]" will be connected to GND.           ;
; reg_b        ; Input  ; Warning  ; Input port expression (1 bits) is smaller than the input port (8 bits) it drives.  Extra input bit(s) "reg_b[7..1]" will be connected to GND.           ;
; reg_data_in  ; Input  ; Warning  ; Input port expression (1 bits) is smaller than the input port (200 bits) it drives.  Extra input bit(s) "reg_data_in[199..1]" will be connected to GND. ;
; reg_matrix_a ; Output ; Warning  ; Output or bidir port (200 bits) is wider than the port expression (1 bits) it drives; bit(s) "reg_matrix_a[199..1]" have no fanouts                     ;
; reg_matrix_a ; Output ; Info     ; Connected to dangling logic. Logic that only feeds a dangling port will be removed.                                                                     ;
; reg_matrix_b ; Output ; Warning  ; Output or bidir port (200 bits) is wider than the port expression (1 bits) it drives; bit(s) "reg_matrix_b[199..1]" have no fanouts                     ;
; reg_matrix_b ; Output ; Info     ; Connected to dangling logic. Logic that only feeds a dangling port will be removed.                                                                     ;
+--------------+--------+----------+---------------------------------------------------------------------------------------------------------------------------------------------------------+


+------------------------------------------------------------------------------------------------------------------------------------------------------------------------------------------------------------------+
; Port Connectivity Checks: "control_unit:comb_3"                                                                                                                                                                  ;
+-----------+--------+----------+----------------------------------------------------------------------------------------------------------------------------------------------------------------------------------+
; Port      ; Type   ; Severity ; Details                                                                                                                                                                          ;
+-----------+--------+----------+----------------------------------------------------------------------------------------------------------------------------------------------------------------------------------+
; pc        ; Input  ; Warning  ; Input port expression (4 bits) is smaller than the input port (8 bits) it drives.  Extra input bit(s) "pc[7..4]" will be connected to GND.                                       ;
; done_alu  ; Input  ; Warning  ; Input port expression (8 bits) is wider than the input port (1 bits) it drives.  The 7 most-significant bit(s) in the expression will be dangling if they have no other fanouts. ;
; start_alu ; Output ; Info     ; Connected to dangling logic. Logic that only feeds a dangling port will be removed.                                                                                              ;
; op_code   ; Output ; Warning  ; Output or bidir port (4 bits) is wider than the port expression (1 bits) it drives; bit(s) "op_code[3..1]" have no fanouts                                                       ;
; reg_a     ; Output ; Warning  ; Output or bidir port (6 bits) is wider than the port expression (1 bits) it drives; bit(s) "reg_a[5..1]" have no fanouts                                                         ;
; reg_b     ; Output ; Warning  ; Output or bidir port (6 bits) is wider than the port expression (1 bits) it drives; bit(s) "reg_b[5..1]" have no fanouts                                                         ;
+-----------+--------+----------+----------------------------------------------------------------------------------------------------------------------------------------------------------------------------------+


+------------------------------------------------------------------------------------------------------------------------------------------+
; In-System Memory Content Editor Settings                                                                                                 ;
+----------------+-------------+-------+-------+------------+------------------------------------------------------------------------------+
; Instance Index ; Instance ID ; Width ; Depth ; Mode       ; Hierarchy Location                                                           ;
+----------------+-------------+-------+-------+------------+------------------------------------------------------------------------------+
; 0              ; NONE        ; 32    ; 256   ; Read/Write ; memory:comb_6|altsyncram:altsyncram_component|altsyncram_ibo1:auto_generated ;
+----------------+-------------+-------+-------+------------+------------------------------------------------------------------------------+


+-----------------------------------------------------+
; Post-Synthesis Netlist Statistics for Top Partition ;
+-----------------------+-----------------------------+
; Type                  ; Count                       ;
+-----------------------+-----------------------------+
; arriav_ff             ; 63                          ;
;     CLR               ; 8                           ;
;     ENA               ; 8                           ;
;     ENA CLR           ; 7                           ;
;     ENA CLR SLD       ; 8                           ;
;     ENA SLD           ; 32                          ;
; arriav_lcell_comb     ; 42                          ;
;     arith             ; 8                           ;
;         1 data inputs ; 8                           ;
;     extend            ; 2                           ;
;         7 data inputs ; 2                           ;
;     normal            ; 32                          ;
;         0 data inputs ; 1                           ;
;         2 data inputs ; 1                           ;
;         3 data inputs ; 4                           ;
;         4 data inputs ; 11                          ;
;         5 data inputs ; 7                           ;
;         6 data inputs ; 8                           ;
; boundary_port         ; 28                          ;
; stratixv_ram_block    ; 32                          ;
;                       ;                             ;
; Max LUT depth         ; 3.00                        ;
; Average LUT depth     ; 0.88                        ;
+-----------------------+-----------------------------+


+------------------------------------------------------------------+
; Post-Synthesis Netlist Statistics for Partition sld_hub:auto_hub ;
+-----------------------+------------------------------------------+
; Type                  ; Count                                    ;
+-----------------------+------------------------------------------+
; arriav_ff             ; 86                                       ;
;     CLR               ; 5                                        ;
;     ENA               ; 30                                       ;
;     ENA CLR           ; 27                                       ;
;     ENA CLR SLD       ; 1                                        ;
;     SCLR              ; 7                                        ;
;     plain             ; 16                                       ;
; arriav_lcell_comb     ; 98                                       ;
;     extend            ; 1                                        ;
;         7 data inputs ; 1                                        ;
;     normal            ; 97                                       ;
;         0 data inputs ; 1                                        ;
;         1 data inputs ; 4                                        ;
;         2 data inputs ; 21                                       ;
;         3 data inputs ; 21                                       ;
;         4 data inputs ; 14                                       ;
;         5 data inputs ; 20                                       ;
;         6 data inputs ; 16                                       ;
; boundary_port         ; 103                                      ;
;                       ;                                          ;
; Max LUT depth         ; 3.00                                     ;
; Average LUT depth     ; 1.41                                     ;
+-----------------------+------------------------------------------+


+---------------------------------+
; Elapsed Time Per Partition      ;
+------------------+--------------+
; Partition Name   ; Elapsed Time ;
+------------------+--------------+
; sld_hub:auto_hub ; 00:00:00     ;
; Top              ; 00:00:00     ;
+------------------+--------------+


+-------------------------------+
; Analysis & Synthesis Messages ;
+-------------------------------+
Info: *******************************************************************
Info: Running Quartus Prime Analysis & Synthesis
    Info: Version 23.1std.0 Build 991 11/28/2023 SC Lite Edition
    Info: Processing started: Fri Apr  4 17:09:51 2025
Info: Command: quartus_map --read_settings_files=on --write_settings_files=off mpu -c mpu
Warning (18236): Number of processors has not been specified which may cause overloading on shared machines.  Set the global assignment NUM_PARALLEL_PROCESSORS in your QSF to an appropriate value for best performance.
Info (20030): Parallel compilation is enabled and will use 14 of the 14 processors detected
Info (12021): Found 1 design units, including 1 entities, in source file memory.v
    Info (12023): Found entity 1: memory File: /home/aluno/Repos/MI-Sistemas-Digitais-P1/memory.v Line: 40
Info (12021): Found 1 design units, including 1 entities, in source file matrix_transpose.v
    Info (12023): Found entity 1: matrix_transpose File: /home/aluno/Repos/MI-Sistemas-Digitais-P1/matrix_transpose.v Line: 3
Info (12021): Found 1 design units, including 1 entities, in source file matrix_opposite.v
    Info (12023): Found entity 1: matrix_opposite File: /home/aluno/Repos/MI-Sistemas-Digitais-P1/matrix_opposite.v Line: 1
Info (12021): Found 1 design units, including 1 entities, in source file matrix_mul_scalar.v
    Info (12023): Found entity 1: matrix_mul_scalar File: /home/aluno/Repos/MI-Sistemas-Digitais-P1/matrix_mul_scalar.v Line: 1
Info (12021): Found 1 design units, including 1 entities, in source file register_file.v
    Info (12023): Found entity 1: register_file File: /home/aluno/Repos/MI-Sistemas-Digitais-P1/register_file.v Line: 1
Info (12021): Found 1 design units, including 1 entities, in source file alu.v
    Info (12023): Found entity 1: alu File: /home/aluno/Repos/MI-Sistemas-Digitais-P1/alu.v Line: 1
Info (12021): Found 0 design units, including 0 entities, in source file matrix_determinant.v
Info (12021): Found 1 design units, including 1 entities, in source file matrix_sub.v
    Info (12023): Found entity 1: matrix_sub File: /home/aluno/Repos/MI-Sistemas-Digitais-P1/matrix_sub.v Line: 1
Info (12021): Found 1 design units, including 1 entities, in source file control_unit.v
    Info (12023): Found entity 1: control_unit File: /home/aluno/Repos/MI-Sistemas-Digitais-P1/control_unit.v Line: 1
Info (12021): Found 1 design units, including 1 entities, in source file matrix_mul.v
    Info (12023): Found entity 1: matrix_mul File: /home/aluno/Repos/MI-Sistemas-Digitais-P1/matrix_mul.v Line: 3
Info (12021): Found 1 design units, including 1 entities, in source file matrix_add.v
    Info (12023): Found entity 1: matrix_add File: /home/aluno/Repos/MI-Sistemas-Digitais-P1/matrix_add.v Line: 1
Info (12021): Found 1 design units, including 1 entities, in source file mpu.v
    Info (12023): Found entity 1: mpu File: /home/aluno/Repos/MI-Sistemas-Digitais-P1/mpu.v Line: 1
Info (12021): Found 1 design units, including 1 entities, in source file counter.v
    Info (12023): Found entity 1: counter File: /home/aluno/Repos/MI-Sistemas-Digitais-P1/counter.v Line: 1
Warning (10236): Verilog HDL Implicit Net warning at mpu.v(25): created implicit net for "done_alu" File: /home/aluno/Repos/MI-Sistemas-Digitais-P1/mpu.v Line: 25
Warning (10236): Verilog HDL Implicit Net warning at mpu.v(26): created implicit net for "start_alu" File: /home/aluno/Repos/MI-Sistemas-Digitais-P1/mpu.v Line: 26
Warning (10236): Verilog HDL Implicit Net warning at mpu.v(27): created implicit net for "reg_a" File: /home/aluno/Repos/MI-Sistemas-Digitais-P1/mpu.v Line: 27
Warning (10236): Verilog HDL Implicit Net warning at mpu.v(28): created implicit net for "reg_b" File: /home/aluno/Repos/MI-Sistemas-Digitais-P1/mpu.v Line: 28
Warning (10236): Verilog HDL Implicit Net warning at mpu.v(29): created implicit net for "reg_write_enabled" File: /home/aluno/Repos/MI-Sistemas-Digitais-P1/mpu.v Line: 29
Warning (10236): Verilog HDL Implicit Net warning at mpu.v(30): created implicit net for "reg_read_enabled" File: /home/aluno/Repos/MI-Sistemas-Digitais-P1/mpu.v Line: 30
Warning (10236): Verilog HDL Implicit Net warning at mpu.v(43): created implicit net for "reg_matrix_a" File: /home/aluno/Repos/MI-Sistemas-Digitais-P1/mpu.v Line: 43
Warning (10236): Verilog HDL Implicit Net warning at mpu.v(45): created implicit net for "reg_matrix_b" File: /home/aluno/Repos/MI-Sistemas-Digitais-P1/mpu.v Line: 45
Critical Warning (10846): Verilog HDL Instantiation warning at mpu.v(34): instance has no name File: /home/aluno/Repos/MI-Sistemas-Digitais-P1/mpu.v Line: 34
Critical Warning (10846): Verilog HDL Instantiation warning at mpu.v(45): instance has no name File: /home/aluno/Repos/MI-Sistemas-Digitais-P1/mpu.v Line: 45
Critical Warning (10846): Verilog HDL Instantiation warning at mpu.v(57): instance has no name File: /home/aluno/Repos/MI-Sistemas-Digitais-P1/mpu.v Line: 57
Critical Warning (10846): Verilog HDL Instantiation warning at mpu.v(66): instance has no name File: /home/aluno/Repos/MI-Sistemas-Digitais-P1/mpu.v Line: 66
Info (12127): Elaborating entity "mpu" for the top level hierarchy
Info (12128): Elaborating entity "control_unit" for hierarchy "control_unit:comb_3" File: /home/aluno/Repos/MI-Sistemas-Digitais-P1/mpu.v Line: 34
Warning (10230): Verilog HDL assignment warning at control_unit.v(19): truncated value with size 5 to match size of target (4) File: /home/aluno/Repos/MI-Sistemas-Digitais-P1/control_unit.v Line: 19
Warning (10230): Verilog HDL assignment warning at control_unit.v(26): truncated value with size 32 to match size of target (3) File: /home/aluno/Repos/MI-Sistemas-Digitais-P1/control_unit.v Line: 26
Warning (10034): Output port "reg_a" at control_unit.v(8) has no driver File: /home/aluno/Repos/MI-Sistemas-Digitais-P1/control_unit.v Line: 8
Warning (10034): Output port "reg_b" at control_unit.v(9) has no driver File: /home/aluno/Repos/MI-Sistemas-Digitais-P1/control_unit.v Line: 9
Warning (10034): Output port "start_alu" at control_unit.v(6) has no driver File: /home/aluno/Repos/MI-Sistemas-Digitais-P1/control_unit.v Line: 6
Warning (10034): Output port "reg_write_enabled" at control_unit.v(10) has no driver File: /home/aluno/Repos/MI-Sistemas-Digitais-P1/control_unit.v Line: 10
Warning (10034): Output port "reg_read_enabled" at control_unit.v(11) has no driver File: /home/aluno/Repos/MI-Sistemas-Digitais-P1/control_unit.v Line: 11
Warning (10034): Output port "mem_write_enabled" at control_unit.v(12) has no driver File: /home/aluno/Repos/MI-Sistemas-Digitais-P1/control_unit.v Line: 12
Info (12128): Elaborating entity "register_file" for hierarchy "register_file:comb_4" File: /home/aluno/Repos/MI-Sistemas-Digitais-P1/mpu.v Line: 45
Info (12128): Elaborating entity "alu" for hierarchy "alu:comb_5" File: /home/aluno/Repos/MI-Sistemas-Digitais-P1/mpu.v Line: 57
Warning (10858): Verilog HDL warning at alu.v(13): object done_det used but never assigned File: /home/aluno/Repos/MI-Sistemas-Digitais-P1/alu.v Line: 13
Warning (10230): Verilog HDL assignment warning at alu.v(23): truncated value with size 32 to match size of target (1) File: /home/aluno/Repos/MI-Sistemas-Digitais-P1/alu.v Line: 23
Warning (10030): Net "done_det" at alu.v(13) has no driver or initial value, using a default initial value '0' File: /home/aluno/Repos/MI-Sistemas-Digitais-P1/alu.v Line: 13
Warning (10034): Output port "value_r" at alu.v(10) has no driver File: /home/aluno/Repos/MI-Sistemas-Digitais-P1/alu.v Line: 10
Info (12128): Elaborating entity "matrix_add" for hierarchy "alu:comb_5|matrix_add:u_add" File: /home/aluno/Repos/MI-Sistemas-Digitais-P1/alu.v Line: 16
Info (12128): Elaborating entity "matrix_mul" for hierarchy "alu:comb_5|matrix_mul:u_mul" File: /home/aluno/Repos/MI-Sistemas-Digitais-P1/alu.v Line: 17
Warning (10230): Verilog HDL assignment warning at matrix_mul.v(56): truncated value with size 32 to match size of target (3) File: /home/aluno/Repos/MI-Sistemas-Digitais-P1/matrix_mul.v Line: 56
Warning (10034): Output port "done" at matrix_mul.v(10) has no driver File: /home/aluno/Repos/MI-Sistemas-Digitais-P1/matrix_mul.v Line: 10
Info (12128): Elaborating entity "matrix_mul_scalar" for hierarchy "alu:comb_5|matrix_mul_scalar:u_muls" File: /home/aluno/Repos/MI-Sistemas-Digitais-P1/alu.v Line: 18
Info (12128): Elaborating entity "matrix_sub" for hierarchy "alu:comb_5|matrix_sub:u_sub" File: /home/aluno/Repos/MI-Sistemas-Digitais-P1/alu.v Line: 19
Info (12128): Elaborating entity "matrix_opposite" for hierarchy "alu:comb_5|matrix_opposite:u_opp" File: /home/aluno/Repos/MI-Sistemas-Digitais-P1/alu.v Line: 20
Info (12128): Elaborating entity "matrix_transpose" for hierarchy "alu:comb_5|matrix_transpose:u_tra" File: /home/aluno/Repos/MI-Sistemas-Digitais-P1/alu.v Line: 21
Info (12128): Elaborating entity "memory" for hierarchy "memory:comb_6" File: /home/aluno/Repos/MI-Sistemas-Digitais-P1/mpu.v Line: 66
Info (12128): Elaborating entity "altsyncram" for hierarchy "memory:comb_6|altsyncram:altsyncram_component" File: /home/aluno/Repos/MI-Sistemas-Digitais-P1/memory.v Line: 89
Info (12130): Elaborated megafunction instantiation "memory:comb_6|altsyncram:altsyncram_component" File: /home/aluno/Repos/MI-Sistemas-Digitais-P1/memory.v Line: 89
Info (12133): Instantiated megafunction "memory:comb_6|altsyncram:altsyncram_component" with the following parameter: File: /home/aluno/Repos/MI-Sistemas-Digitais-P1/memory.v Line: 89
    Info (12134): Parameter "clock_enable_input_a" = "BYPASS"
    Info (12134): Parameter "clock_enable_output_a" = "BYPASS"
    Info (12134): Parameter "intended_device_family" = "Cyclone V"
    Info (12134): Parameter "lpm_hint" = "ENABLE_RUNTIME_MOD=YES,INSTANCE_NAME=NONE"
    Info (12134): Parameter "lpm_type" = "altsyncram"
    Info (12134): Parameter "numwords_a" = "256"
    Info (12134): Parameter "operation_mode" = "SINGLE_PORT"
    Info (12134): Parameter "outdata_aclr_a" = "NONE"
    Info (12134): Parameter "outdata_reg_a" = "CLOCK0"
    Info (12134): Parameter "power_up_uninitialized" = "FALSE"
    Info (12134): Parameter "read_during_write_mode_port_a" = "NEW_DATA_NO_NBE_READ"
    Info (12134): Parameter "widthad_a" = "8"
    Info (12134): Parameter "width_a" = "32"
    Info (12134): Parameter "width_byteena_a" = "1"
Info (12021): Found 1 design units, including 1 entities, in source file db/altsyncram_ibo1.tdf
    Info (12023): Found entity 1: altsyncram_ibo1 File: /home/aluno/Repos/MI-Sistemas-Digitais-P1/db/altsyncram_ibo1.tdf Line: 28
Info (12128): Elaborating entity "altsyncram_ibo1" for hierarchy "memory:comb_6|altsyncram:altsyncram_component|altsyncram_ibo1:auto_generated" File: /opt/intelFPGA_lite/23.1/quartus/libraries/megafunctions/altsyncram.tdf Line: 792
Info (12021): Found 1 design units, including 1 entities, in source file db/altsyncram_die2.tdf
    Info (12023): Found entity 1: altsyncram_die2 File: /home/aluno/Repos/MI-Sistemas-Digitais-P1/db/altsyncram_die2.tdf Line: 28
Info (12128): Elaborating entity "altsyncram_die2" for hierarchy "memory:comb_6|altsyncram:altsyncram_component|altsyncram_ibo1:auto_generated|altsyncram_die2:altsyncram1" File: /home/aluno/Repos/MI-Sistemas-Digitais-P1/db/altsyncram_ibo1.tdf Line: 38
Info (12128): Elaborating entity "sld_mod_ram_rom" for hierarchy "memory:comb_6|altsyncram:altsyncram_component|altsyncram_ibo1:auto_generated|sld_mod_ram_rom:mgl_prim2" File: /home/aluno/Repos/MI-Sistemas-Digitais-P1/db/altsyncram_ibo1.tdf Line: 39
Info (12130): Elaborated megafunction instantiation "memory:comb_6|altsyncram:altsyncram_component|altsyncram_ibo1:auto_generated|sld_mod_ram_rom:mgl_prim2" File: /home/aluno/Repos/MI-Sistemas-Digitais-P1/db/altsyncram_ibo1.tdf Line: 39
Info (12133): Instantiated megafunction "memory:comb_6|altsyncram:altsyncram_component|altsyncram_ibo1:auto_generated|sld_mod_ram_rom:mgl_prim2" with the following parameter: File: /home/aluno/Repos/MI-Sistemas-Digitais-P1/db/altsyncram_ibo1.tdf Line: 39
    Info (12134): Parameter "CVALUE" = "00000000000000000000000000000000"
    Info (12134): Parameter "IS_DATA_IN_RAM" = "1"
    Info (12134): Parameter "IS_READABLE" = "1"
    Info (12134): Parameter "NODE_NAME" = "0"
    Info (12134): Parameter "NUMWORDS" = "256"
    Info (12134): Parameter "SHIFT_COUNT_BITS" = "6"
    Info (12134): Parameter "WIDTH_WORD" = "32"
    Info (12134): Parameter "WIDTHAD" = "8"
Info (12128): Elaborating entity "sld_jtag_endpoint_adapter" for hierarchy "memory:comb_6|altsyncram:altsyncram_component|altsyncram_ibo1:auto_generated|sld_mod_ram_rom:mgl_prim2|sld_jtag_endpoint_adapter:jtag_signal_adapter" File: /opt/intelFPGA_lite/23.1/quartus/libraries/megafunctions/sld_mod_ram_rom.vhd Line: 302
Info (12128): Elaborating entity "sld_jtag_endpoint_adapter_impl" for hierarchy "memory:comb_6|altsyncram:altsyncram_component|altsyncram_ibo1:auto_generated|sld_mod_ram_rom:mgl_prim2|sld_jtag_endpoint_adapter:jtag_signal_adapter|sld_jtag_endpoint_adapter_impl:sld_jtag_endpoint_adapter_impl_inst" File: /opt/intelFPGA_lite/23.1/quartus/libraries/megafunctions/sld_jtag_endpoint_adapter.vhd Line: 232
Info (12128): Elaborating entity "sld_rom_sr" for hierarchy "memory:comb_6|altsyncram:altsyncram_component|altsyncram_ibo1:auto_generated|sld_mod_ram_rom:mgl_prim2|sld_rom_sr:\ram_rom_logic_gen:no_name_gen:info_rom_sr" File: /opt/intelFPGA_lite/23.1/quartus/libraries/megafunctions/sld_mod_ram_rom.vhd Line: 799
Warning (12011): Net is missing source, defaulting to GND
    Warning (12110): Net "op_code[3]" is missing source, defaulting to GND File: /home/aluno/Repos/MI-Sistemas-Digitais-P1/mpu.v Line: 6
    Warning (12110): Net "op_code[2]" is missing source, defaulting to GND File: /home/aluno/Repos/MI-Sistemas-Digitais-P1/mpu.v Line: 6
    Warning (12110): Net "op_code[1]" is missing source, defaulting to GND File: /home/aluno/Repos/MI-Sistemas-Digitais-P1/mpu.v Line: 6
    Warning (12110): Net "op_code[0]" is missing source, defaulting to GND File: /home/aluno/Repos/MI-Sistemas-Digitais-P1/mpu.v Line: 6
Info (11170): Starting IP generation for the debug fabric: alt_sld_fab.
Info (11172): 2025.04.04.17:09:58 Progress: Loading sld75bf76c9/alt_sld_fab_wrapper_hw.tcl
Info (11172): Alt_sld_fab.alt_sld_fab: SLD fabric agents which did not specify prefer_host were connected to JTAG
Info (11172): Alt_sld_fab: Generating alt_sld_fab "alt_sld_fab" for QUARTUS_SYNTH
Info (11172): Alt_sld_fab: "alt_sld_fab" instantiated alt_sld_fab "alt_sld_fab"
Info (11172): Presplit: "alt_sld_fab" instantiated altera_super_splitter "presplit"
Info (11172): Splitter: "alt_sld_fab" instantiated altera_sld_splitter "splitter"
Info (11172): Sldfabric: "alt_sld_fab" instantiated altera_sld_jtag_hub "sldfabric"
Info (11172): Ident: "alt_sld_fab" instantiated altera_connection_identification_hub "ident"
Info (11172): Alt_sld_fab: Done "alt_sld_fab" with 6 modules, 6 files
Info (11171): Finished IP generation for the debug fabric: alt_sld_fab.
Info (12021): Found 1 design units, including 1 entities, in source file db/ip/sld75bf76c9/alt_sld_fab.v
    Info (12023): Found entity 1: alt_sld_fab File: /home/aluno/Repos/MI-Sistemas-Digitais-P1/db/ip/sld75bf76c9/alt_sld_fab.v Line: 9
Info (12021): Found 1 design units, including 1 entities, in source file db/ip/sld75bf76c9/submodules/alt_sld_fab_alt_sld_fab.v
    Info (12023): Found entity 1: alt_sld_fab_alt_sld_fab File: /home/aluno/Repos/MI-Sistemas-Digitais-P1/db/ip/sld75bf76c9/submodules/alt_sld_fab_alt_sld_fab.v Line: 9
Info (12021): Found 1 design units, including 1 entities, in source file db/ip/sld75bf76c9/submodules/alt_sld_fab_alt_sld_fab_ident.sv
    Info (12023): Found entity 1: alt_sld_fab_alt_sld_fab_ident File: /home/aluno/Repos/MI-Sistemas-Digitais-P1/db/ip/sld75bf76c9/submodules/alt_sld_fab_alt_sld_fab_ident.sv Line: 33
Info (12021): Found 1 design units, including 1 entities, in source file db/ip/sld75bf76c9/submodules/alt_sld_fab_alt_sld_fab_presplit.sv
    Info (12023): Found entity 1: alt_sld_fab_alt_sld_fab_presplit File: /home/aluno/Repos/MI-Sistemas-Digitais-P1/db/ip/sld75bf76c9/submodules/alt_sld_fab_alt_sld_fab_presplit.sv Line: 3
Info (12021): Found 2 design units, including 1 entities, in source file db/ip/sld75bf76c9/submodules/alt_sld_fab_alt_sld_fab_sldfabric.vhd
    Info (12022): Found design unit 1: alt_sld_fab_alt_sld_fab_sldfabric-rtl File: /home/aluno/Repos/MI-Sistemas-Digitais-P1/db/ip/sld75bf76c9/submodules/alt_sld_fab_alt_sld_fab_sldfabric.vhd Line: 102
    Info (12023): Found entity 1: alt_sld_fab_alt_sld_fab_sldfabric File: /home/aluno/Repos/MI-Sistemas-Digitais-P1/db/ip/sld75bf76c9/submodules/alt_sld_fab_alt_sld_fab_sldfabric.vhd Line: 11
Info (12021): Found 1 design units, including 1 entities, in source file db/ip/sld75bf76c9/submodules/alt_sld_fab_alt_sld_fab_splitter.sv
    Info (12023): Found entity 1: alt_sld_fab_alt_sld_fab_splitter File: /home/aluno/Repos/MI-Sistemas-Digitais-P1/db/ip/sld75bf76c9/submodules/alt_sld_fab_alt_sld_fab_splitter.sv Line: 3
Warning (12241): 5 hierarchies have connectivity warnings - see the Connectivity Checks report folder
Info (286031): Timing-Driven Synthesis is running on partition "Top"
Info (17049): 2 registers lost all their fanouts during netlist optimizations.
Info (286031): Timing-Driven Synthesis is running on partition "sld_hub:auto_hub"
Info (144001): Generated suppressed messages file /home/aluno/Repos/MI-Sistemas-Digitais-P1/output_files/mpu.map.smsg
Info (16010): Generating hard_block partition "hard_block:auto_generated_inst"
    Info (16011): Adding 9 node(s), including 0 DDIO, 0 PLL, 0 transceiver and 0 LCELL
Info (21057): Implemented 244 device resources after synthesis - the final resource count might be different
    Info (21058): Implemented 4 input pins
    Info (21059): Implemented 1 output pins
    Info (21061): Implemented 206 logic cells
    Info (21064): Implemented 32 RAM segments
Info: Quartus Prime Analysis & Synthesis was successful. 0 errors, 33 warnings
    Info: Peak virtual memory: 596 megabytes
    Info: Processing ended: Fri Apr  4 17:10:03 2025
    Info: Elapsed time: 00:00:12
    Info: Total CPU time (on all processors): 00:00:31


+------------------------------------------+
; Analysis & Synthesis Suppressed Messages ;
+------------------------------------------+
The suppressed messages can be found in /home/aluno/Repos/MI-Sistemas-Digitais-P1/output_files/mpu.map.smsg.


